{"model_name": "metal_classification_DNN_nepoch_20_nlayers_1_NEUVA_32k_1024fft_padding.tflearn", "no_of_epochs": 20, "time_passed_training": 4125.314745426178, "time_passed_testing": 77.48034691810608, "accuracy": 0.7685093434503778, "mini_accs": [0.7677, 0.7693186869007556], "no_train_files": 100100, "no_test_files": 35749, "gendict_train": {"heavy": 24879, "death": 25111, "thrash": 25156, "black": 24954}, "gendict_test": {"heavy": 8922, "death": 8914, "thrash": 9020, "black": 8893}, "proc_train": [{"heavy": 0.24854145854145854, "death": 0.25085914085914085, "thrash": 0.2513086913086913, "black": 0.2492907092907093}, 100100], "proc_test": [{"heavy": 0.24957341464096897, "death": 0.24934963215754286, "thrash": 0.2523147500629388, "black": 0.24876220313854933}, 35749], "n_layers": 1, "n_nodes": [1024], "type_of_data": "32k_1024fft_padding"}