{"model_name": "metal_classification_DNN_nepoch_14_nlayers_3_DDGYQ_16k_512fft_nopadding.tflearn", "no_of_epochs": 14, "time_passed_training": 2834.9902563095093, "time_passed_testing": 70.15266704559326, "accuracy": 0.7133195759174483, "mini_accs": [0.7159, 0.7107391518348967], "no_train_files": 95815, "no_test_files": 34219, "gendict_train": {"heavy": 24197, "death": 23701, "thrash": 23835, "black": 24082}, "gendict_test": {"heavy": 8516, "death": 8702, "thrash": 8411, "black": 8590}, "proc_train": [{"heavy": 0.2525387465428169, "death": 0.24736210405468873, "thrash": 0.24876063246882013, "black": 0.25133851693367426}, 95815], "proc_test": [{"heavy": 0.24886758818200416, "death": 0.2543031649083842, "thrash": 0.24579911744937022, "black": 0.2510301294602414}, 34219], "n_layers": 3, "n_nodes": [1024, 1024, 512], "type_of_data": "16k_512fft_nopadding"}