{"model_name": "metal_classification_DNN_nepoch_17_nlayers_3_AIWLM_32k_1024fft_padding.tflearn", "no_of_epochs": 17, "time_passed_training": 3533.694534301758, "time_passed_testing": 73.71059679985046, "accuracy": 0.6198149279338245, "mini_accs": [0.6194, 0.620229855867649], "no_train_files": 100100, "no_test_files": 35749, "gendict_train": {"heavy": 24979, "death": 25089, "thrash": 25056, "black": 24976}, "gendict_test": {"heavy": 8891, "death": 8885, "thrash": 9076, "black": 8897}, "proc_train": [{"heavy": 0.24954045954045953, "death": 0.25063936063936065, "thrash": 0.2503096903096903, "black": 0.2495104895104895}, 100100], "proc_test": [{"heavy": 0.2487062575176928, "death": 0.24853842065512322, "thrash": 0.2538812274469216, "black": 0.2488740943802624}, 35749], "n_layers": 3, "n_nodes": [1024, 1024, 512], "type_of_data": "32k_1024fft_padding"}