{"model_name": "metal_classification_DNN_nepoch_2_nlayers_3_IVHLT_32k_1024fft_padding.tflearn", "no_of_epochs": 2, "time_passed_training": 543.8833878040314, "time_passed_testing": 72.6629159450531, "accuracy": 0.6784792351933204, "mini_accs": [0.67355, 0.683408470386641], "no_train_files": 100100, "no_test_files": 35749, "gendict_train": {"heavy": 24873, "death": 25063, "thrash": 25336, "black": 24828}, "gendict_test": {"heavy": 8971, "death": 8972, "thrash": 8870, "black": 8936}, "proc_train": [{"heavy": 0.24848151848151848, "death": 0.25037962037962036, "thrash": 0.2531068931068931, "black": 0.24803196803196803}, 100100], "proc_test": [{"heavy": 0.2509440823519539, "death": 0.2509720551623822, "thrash": 0.24811882849869926, "black": 0.24996503398696468}, 35749], "n_layers": 3, "n_nodes": [1024, 1024, 1024], "type_of_data": "32k_1024fft_padding"}