{"model_name": "metal_classification_DNN_nepoch_5_nlayers_3_QPKRE_16k_512fft_nopadding.tflearn", "no_of_epochs": 5, "time_passed_training": 1099.8869931697845, "time_passed_testing": 73.32885026931763, "accuracy": 0.7069536641072083, "mini_accs": [0.7057, 0.7082073282144167], "no_train_files": 95815, "no_test_files": 34219, "gendict_train": {"heavy": 24207, "death": 23682, "thrash": 23699, "black": 24227}, "gendict_test": {"heavy": 8554, "death": 8753, "thrash": 8559, "black": 8353}, "proc_train": [{"heavy": 0.25264311433491626, "death": 0.24716380524969994, "thrash": 0.24734123049626885, "black": 0.25285184991911497}, 95815], "proc_test": [{"heavy": 0.24997808235190977, "death": 0.2557935649785207, "thrash": 0.25012420000584473, "black": 0.24410415266372484}, 34219], "n_layers": 3, "n_nodes": [1024, 512, 256], "type_of_data": "16k_512fft_nopadding"}