{"model_name": "metal_classification_DNN_nepoch_2_nlayers_1_RMEMY_16k_512fft_nopadding.tflearn", "no_of_epochs": 2, "time_passed_training": 536.1573197841644, "time_passed_testing": 72.80201935768127, "accuracy": 0.6089135962423657, "mini_accs": [0.60815, 0.6096771924847314], "no_train_files": 95815, "no_test_files": 34219, "gendict_train": {"heavy": 24001, "death": 23796, "thrash": 23836, "black": 24182}, "gendict_test": {"heavy": 8729, "death": 8611, "thrash": 8396, "black": 8483}, "proc_train": [{"heavy": 0.25049313781766946, "death": 0.24835359807963261, "thrash": 0.24877106924803005, "black": 0.25238219485466784}, 95815], "proc_test": [{"heavy": 0.25509220023963297, "death": 0.2516438236067682, "thrash": 0.24536076448756539, "black": 0.2479032116660335}, 34219], "n_layers": 1, "n_nodes": [1024], "type_of_data": "16k_512fft_nopadding"}