{"model_name": "metal_classification_DNN_nepoch_2_nlayers_3_KYJCD_16k_512fft_nopadding.tflearn", "no_of_epochs": 2, "time_passed_training": 527.4151272773743, "time_passed_testing": 71.73490643501282, "accuracy": 0.5675156322589077, "mini_accs": [0.56945, 0.5655812645178152], "no_train_files": 95815, "no_test_files": 34219, "gendict_train": {"heavy": 24025, "death": 24105, "thrash": 23671, "black": 24014}, "gendict_test": {"heavy": 8694, "death": 8407, "thrash": 8486, "black": 8632}, "proc_train": [{"heavy": 0.2507436205187079, "death": 0.2515785628555028, "thrash": 0.24704900067839064, "black": 0.2506288159473986}, 95815], "proc_test": [{"heavy": 0.2540693766620883, "death": 0.24568222332622228, "thrash": 0.24799088225839447, "black": 0.25225751775329497}, 34219], "n_layers": 3, "n_nodes": [1024, 1024, 1024], "type_of_data": "16k_512fft_nopadding"}