{"model_name": "metal_classification_DNN_nepoch_20_nlayers_3_NBKRS_32k_1024fft_padding.tflearn", "no_of_epochs": 20, "time_passed_training": 4150.130730628967, "time_passed_testing": 73.22263598442078, "accuracy": 0.7438386596012194, "mini_accs": [0.7449, 0.7427773192024388], "no_train_files": 100100, "no_test_files": 35749, "gendict_train": {"heavy": 24935, "death": 24997, "thrash": 25208, "black": 24960}, "gendict_test": {"heavy": 8830, "death": 9045, "thrash": 9016, "black": 8858}, "proc_train": [{"heavy": 0.2491008991008991, "death": 0.24972027972027971, "thrash": 0.25182817182817185, "black": 0.24935064935064935}, 100100], "proc_test": [{"heavy": 0.2469999160815687, "death": 0.2530140703236454, "thrash": 0.2522028588212258, "black": 0.2477831547735601}, 35749], "n_layers": 3, "n_nodes": [1024, 512, 256], "type_of_data": "32k_1024fft_padding"}