{"model_name": "metal_classification_DNN_nepoch_14_nlayers_1_RMEMY_16k_512fft_nopadding.tflearn", "no_of_epochs": 14, "time_passed_training": 2796.185786962509, "time_passed_testing": 73.1083254814148, "accuracy": 0.5940277797397292, "mini_accs": [0.598, 0.5900555594794584], "no_train_files": 95815, "no_test_files": 34219, "gendict_train": {"heavy": 24001, "death": 23796, "thrash": 23836, "black": 24182}, "gendict_test": {"heavy": 8729, "death": 8611, "thrash": 8396, "black": 8483}, "proc_train": [{"heavy": 0.25049313781766946, "death": 0.24835359807963261, "thrash": 0.24877106924803005, "black": 0.25238219485466784}, 95815], "proc_test": [{"heavy": 0.25509220023963297, "death": 0.2516438236067682, "thrash": 0.24536076448756539, "black": 0.2479032116660335}, 34219], "n_layers": 1, "n_nodes": [1024], "type_of_data": "16k_512fft_nopadding"}