{
  "model_name": "metal_classification_DNN_nepoch_8.tflearn",
  "no_of_epochs": 8,
  "time_passed_training": 1756.1082808971405,
  "time_passed_testing": 27.503658294677734,
  "accuracy": 0.64152629532223,
  "mini_accs": [
    0.64225,
    0.6408025906444602
  ],
  "no_train_files": 100100,
  "no_test_files": 35749,
  "gendict_train": {
    "heavy": 25006,
    "death": 24970,
    "thrash": 25116,
    "black": 25008
  },
  "gendict_test": {
    "heavy": 8785,
    "death": 9000,
    "thrash": 9123,
    "black": 8841
  },
  "proc_train": [
    {
      "heavy": 0.24981018981018982,
      "death": 0.24945054945054945,
      "thrash": 0.2509090909090909,
      "black": 0.24983016983016984
    },
    100100
  ],
  "proc_test": [
    {
      "heavy": 0.24574113961229685,
      "death": 0.25175529385437356,
      "thrash": 0.25519594953705,
      "black": 0.24730761699627962
    },
    35749
  ]
}