{"model_name": "metal_classification_DNN_nepoch_2_nlayers_2_GGJXK_16k_512fft_nopadding.tflearn", "no_of_epochs": 2, "time_passed_training": 531.2264819145203, "time_passed_testing": 74.0711452960968, "accuracy": 0.6233470057627397, "mini_accs": [0.62485, 0.6218440115254793], "no_train_files": 95815, "no_test_files": 34219, "gendict_train": {"heavy": 24086, "death": 23964, "thrash": 23699, "black": 24066}, "gendict_test": {"heavy": 8612, "death": 8519, "thrash": 8510, "black": 8578}, "proc_train": [{"heavy": 0.251380264050514, "death": 0.2501069769869018, "thrash": 0.24734123049626885, "black": 0.2511715284663153}, 95815], "proc_test": [{"heavy": 0.2516730471375552, "death": 0.2489552587743651, "thrash": 0.2486922469972822, "black": 0.25067944709079754}, 34219], "n_layers": 2, "n_nodes": [1024, 1024], "type_of_data": "16k_512fft_nopadding"}