{"model_name": "metal_classification_DNN_nepoch_11_nlayers_3_AIWLM_32k_1024fft_padding.tflearn", "no_of_epochs": 11, "time_passed_training": 2336.9709985256195, "time_passed_testing": 72.79581665992737, "accuracy": 0.6424890199396662, "mini_accs": [0.64335, 0.6416280398793324], "no_train_files": 100100, "no_test_files": 35749, "gendict_train": {"heavy": 24979, "death": 25089, "thrash": 25056, "black": 24976}, "gendict_test": {"heavy": 8891, "death": 8885, "thrash": 9076, "black": 8897}, "proc_train": [{"heavy": 0.24954045954045953, "death": 0.25063936063936065, "thrash": 0.2503096903096903, "black": 0.2495104895104895}, 100100], "proc_test": [{"heavy": 0.2487062575176928, "death": 0.24853842065512322, "thrash": 0.2538812274469216, "black": 0.2488740943802624}, 35749], "n_layers": 3, "n_nodes": [1024, 1024, 512], "type_of_data": "32k_1024fft_padding"}