{"model_name": "metal_classification_DNN_nepoch_14_nlayers_2_PFPDF_32k_1024fft_padding.tflearn", "no_of_epochs": 14, "time_passed_training": 2951.67480802536, "time_passed_testing": 80.26846623420715, "accuracy": 0.6934434345056704, "mini_accs": [0.6937, 0.6931868690113407], "no_train_files": 100100, "no_test_files": 35749, "gendict_train": {"heavy": 24971, "death": 25015, "thrash": 25324, "black": 24790}, "gendict_test": {"heavy": 8906, "death": 9019, "thrash": 8879, "black": 8945}, "proc_train": [{"heavy": 0.24946053946053945, "death": 0.2499000999000999, "thrash": 0.252987012987013, "black": 0.24765234765234764}, 100100], "proc_test": [{"heavy": 0.24912584967411674, "death": 0.2522867772525106, "thrash": 0.24837058379255364, "black": 0.25021678928081903}, 35749], "n_layers": 2, "n_nodes": [1024, 1024], "type_of_data": "32k_1024fft_padding"}