{"model_name": "metal_classification_DNN_nepoch_2_nlayers_2_RNPEH_16k_512fft_nopadding.tflearn", "no_of_epochs": 2, "time_passed_training": 536.2777252197266, "time_passed_testing": 73.25242686271667, "accuracy": 0.6603348055481685, "mini_accs": [0.6548, 0.6658696110963369], "no_train_files": 95815, "no_test_files": 34219, "gendict_train": {"heavy": 24000, "death": 23906, "thrash": 23805, "black": 24104}, "gendict_test": {"heavy": 8715, "death": 8499, "thrash": 8463, "black": 8542}, "proc_train": [{"heavy": 0.25048270103845954, "death": 0.24950164379272557, "thrash": 0.24844752909252205, "black": 0.25156812607629286}, 95815], "proc_test": [{"heavy": 0.2546830708086151, "death": 0.24837078815862532, "thrash": 0.2473187410502937, "black": 0.2496273999824659}, 34219], "n_layers": 2, "n_nodes": [1024, 512], "type_of_data": "16k_512fft_nopadding"}