{"model_name": "metal_classification_DNN_nepoch_11_nlayers_3_NBKRS_32k_1024fft_padding.tflearn", "no_of_epochs": 11, "time_passed_training": 2347.576247692108, "time_passed_testing": 72.91171073913574, "accuracy": 0.717649850785123, "mini_accs": [0.715, 0.7202997015702459], "no_train_files": 100100, "no_test_files": 35749, "gendict_train": {"heavy": 24935, "death": 24997, "thrash": 25208, "black": 24960}, "gendict_test": {"heavy": 8830, "death": 9045, "thrash": 9016, "black": 8858}, "proc_train": [{"heavy": 0.2491008991008991, "death": 0.24972027972027971, "thrash": 0.25182817182817185, "black": 0.24935064935064935}, 100100], "proc_test": [{"heavy": 0.2469999160815687, "death": 0.2530140703236454, "thrash": 0.2522028588212258, "black": 0.2477831547735601}, 35749], "n_layers": 3, "n_nodes": [1024, 512, 256], "type_of_data": "32k_1024fft_padding"}