{"model_name": "metal_classification_DNN_nepoch_14_nlayers_2_RFJVX_32k_1024fft_padding.tflearn", "no_of_epochs": 14, "time_passed_training": 2942.2519772052765, "time_passed_testing": 76.00806140899658, "accuracy": 0.733439626325481, "mini_accs": [0.73115, 0.735729252650962], "no_train_files": 100100, "no_test_files": 35749, "gendict_train": {"heavy": 24897, "death": 25056, "thrash": 25202, "black": 24945}, "gendict_test": {"heavy": 8957, "death": 8905, "thrash": 9007, "black": 8880}, "proc_train": [{"heavy": 0.24872127872127872, "death": 0.2503096903096903, "thrash": 0.25176823176823176, "black": 0.2492007992007992}, 100100], "proc_test": [{"heavy": 0.2505524630059582, "death": 0.2490978768636885, "thrash": 0.2519511035273714, "black": 0.2483985566029819}, 35749], "n_layers": 2, "n_nodes": [1024, 512], "type_of_data": "32k_1024fft_padding"}