{"model_name": "mtl_clsf_DNN_nepoch_2_nlayers_2_32k_1024fft_nopaddingKMLAAFJRUUFLZBXUYOBJ.tflearn", "no_of_epochs": 2, "time_passed_training": 543.1739127635956, "time_passed_testing": 75.1314857006073, "accuracy": 0.6026455323946276, "mini_accs": [0.60335, 0.6019410647892551], "no_train_files": 95815, "no_test_files": 34219, "gendict_train": {"heavy": 24020, "death": 23878, "thrash": 23776, "black": 24141}, "gendict_test": {"heavy": 8658, "death": 8575, "thrash": 8453, "black": 8533}, "proc_train": [{"heavy": 0.25069143662265825, "death": 0.24920941397484736, "thrash": 0.2481448624954339, "black": 0.25195428690706045}, 95815], "proc_test": [{"heavy": 0.25301732955375666, "death": 0.25059177649843656, "thrash": 0.2470265057424238, "black": 0.24936438820538298}, 34219], "n_layers": 2, "n_nodes": [1024, 512], "type_of_data": "32k_1024fft_nopadding"}