{"model_name": "mtl_clsf_DNN_nepoch_15_nlayers_2_32k_1024fft_paddingTUHTYRXWXPSFWQOKHWGI.tflearn", "no_of_epochs": 15, "time_passed_training": 3134.753903388977, "time_passed_testing": 70.30135536193848, "accuracy": 0.7361127611314753, "mini_accs": [0.73275, 0.7394755222629507], "no_train_files": 100100, "no_test_files": 35749, "gendict_train": {"heavy": 24865, "death": 25084, "thrash": 25211, "black": 24940}, "gendict_test": {"heavy": 8938, "death": 8926, "thrash": 8959, "black": 8926}, "proc_train": [{"heavy": 0.2484015984015984, "death": 0.2505894105894106, "thrash": 0.25185814185814187, "black": 0.24915084915084915}, 100100], "proc_test": [{"heavy": 0.2500209796078212, "death": 0.24968530588268203, "thrash": 0.2506084086268147, "black": 0.24968530588268203}, 35749], "n_layers": 2, "n_nodes": [1024, 1024], "type_of_data": "32k_1024fft_padding"}