{"model_name": "mtl_clsf_DNN_nepoch_18_nlayers_2_32k_1024fft_paddingPLPCRPBWQZIITTOOUETD.tflearn", "no_of_epochs": 18, "time_passed_training": 3728.7005100250244, "time_passed_testing": 71.56564593315125, "accuracy": 0.7295806321074103, "mini_accs": [0.73175, 0.7274112642148206], "no_train_files": 100100, "no_test_files": 35749, "gendict_train": {"heavy": 24966, "death": 25088, "thrash": 25200, "black": 24846}, "gendict_test": {"heavy": 8841, "death": 8939, "thrash": 8990, "black": 8979}, "proc_train": [{"heavy": 0.2494105894105894, "death": 0.25062937062937063, "thrash": 0.2517482517482518, "black": 0.24821178821178821}, 100100], "proc_test": [{"heavy": 0.24730761699627962, "death": 0.2500489524182495, "thrash": 0.2514755657500909, "black": 0.25116786483538}, 35749], "n_layers": 2, "n_nodes": [1024, 1024], "type_of_data": "32k_1024fft_padding"}