{"model_name": "mtl_clsf_DNN_nepoch_15_nlayers_2_32k_1024fft_paddingNZAYASGCTXMNHKTXWVQE.tflearn", "no_of_epochs": 15, "time_passed_training": 3120.74405169487, "time_passed_testing": 69.71449446678162, "accuracy": 0.6869690789929268, "mini_accs": [0.68545, 0.6884881579858536], "no_train_files": 100100, "no_test_files": 35749, "gendict_train": {"heavy": 24938, "death": 25071, "thrash": 25225, "black": 24866}, "gendict_test": {"heavy": 8956, "death": 8867, "thrash": 9018, "black": 8908}, "proc_train": [{"heavy": 0.24913086913086913, "death": 0.25045954045954044, "thrash": 0.251998001998002, "black": 0.24841158841158842}, 100100], "proc_test": [{"heavy": 0.25052449019552997, "death": 0.24803491006741446, "thrash": 0.2522588044420823, "black": 0.24918179529497328}, 35749], "n_layers": 2, "n_nodes": [1024, 512], "type_of_data": "32k_1024fft_padding"}