{"model_name": "mtl_clsf_DNN_nepoch_19_nlayers_2_32k_1024fft_paddingRHKIGUAMMKJHXMSFWAJL.tflearn", "no_of_epochs": 19, "time_passed_training": 3933.0723967552185, "time_passed_testing": 70.86255025863647, "accuracy": 0.713555251128948, "mini_accs": [0.7117, 0.715410502257896], "no_train_files": 100100, "no_test_files": 35749, "gendict_train": {"heavy": 25003, "death": 25045, "thrash": 25179, "black": 24873}, "gendict_test": {"heavy": 8834, "death": 8983, "thrash": 9018, "black": 8914}, "proc_train": [{"heavy": 0.24978021978021978, "death": 0.2501998001998002, "thrash": 0.25153846153846154, "black": 0.24848151848151848}, 100100], "proc_test": [{"heavy": 0.24711180732328178, "death": 0.2512797560770931, "thrash": 0.2522588044420823, "black": 0.24934963215754286}, 35749], "n_layers": 2, "n_nodes": [1024, 1024], "type_of_data": "32k_1024fft_padding"}