{"model_name": "mtl_clsf_DNN_nepoch_11_nlayers_2_32k_1024fft_paddingAUMPGVIUWLPWSHFNHVHL.tflearn", "no_of_epochs": 11, "time_passed_training": 2329.591958284378, "time_passed_testing": 70.97250080108643, "accuracy": 0.7727673122121914, "mini_accs": [0.7752, 0.7703346244243828], "no_train_files": 100100, "no_test_files": 35749, "gendict_train": {"heavy": 24997, "death": 24972, "thrash": 25047, "black": 25084}, "gendict_test": {"heavy": 8847, "death": 9020, "thrash": 9107, "black": 8775}, "proc_train": [{"heavy": 0.24972027972027971, "death": 0.24947052947052947, "thrash": 0.2502197802197802, "black": 0.2505894105894106}, 100100], "proc_test": [{"heavy": 0.2474754538588492, "death": 0.2523147500629388, "thrash": 0.2547483845701978, "black": 0.2454614115080142}, 35749], "n_layers": 2, "n_nodes": [1024, 512], "type_of_data": "32k_1024fft_padding"}