{"model_name": "mtl_clsf_DNN_nepoch_6_nlayers_2_32k_1024fft_paddingEZOUGFRBHFRSSZFOBGMR.tflearn", "no_of_epochs": 6, "time_passed_training": 1345.8386895656586, "time_passed_testing": 73.54808759689331, "accuracy": 0.651056627406807, "mini_accs": [0.65585, 0.6462632548136139], "no_train_files": 100100, "no_test_files": 35749, "gendict_train": {"heavy": 24978, "death": 24915, "thrash": 25373, "black": 24834}, "gendict_test": {"heavy": 8891, "death": 9076, "thrash": 8847, "black": 8935}, "proc_train": [{"heavy": 0.24953046953046953, "death": 0.2489010989010989, "thrash": 0.2534765234765235, "black": 0.2480919080919081}, 100100], "proc_test": [{"heavy": 0.2487062575176928, "death": 0.2538812274469216, "thrash": 0.2474754538588492, "black": 0.2499370611765364}, 35749], "n_layers": 2, "n_nodes": [1024, 512], "type_of_data": "32k_1024fft_padding"}