{"model_name": "mtl_clsf_DNN_nepoch_13_nlayers_2_32k_1024fft_paddingCJBRCGXBFEHTMHOKJTMS.tflearn", "no_of_epochs": 13, "time_passed_training": 2733.973485469818, "time_passed_testing": 70.27850937843323, "accuracy": 0.7904845291802403, "mini_accs": [0.7933, 0.7876690583604806], "no_train_files": 100100, "no_test_files": 35749, "gendict_train": {"heavy": 24973, "death": 25150, "thrash": 25020, "black": 24957}, "gendict_test": {"heavy": 8791, "death": 8911, "thrash": 9172, "black": 8875}, "proc_train": [{"heavy": 0.24948051948051947, "death": 0.25124875124875123, "thrash": 0.24995004995004996, "black": 0.24932067932067933}, 100100], "proc_test": [{"heavy": 0.24590897647486643, "death": 0.24926571372625808, "thrash": 0.2565666172480349, "black": 0.24825869255084057}, 35749], "n_layers": 2, "n_nodes": [1024, 512], "type_of_data": "32k_1024fft_padding"}