{"model_name": "mtl_clsf_DNN_nepoch_14_nlayers_2_32k_1024fft_paddingTRROBMZLQGBMJSGRSVRF.tflearn", "no_of_epochs": 14, "time_passed_training": 2930.6817557811737, "time_passed_testing": 70.61593437194824, "accuracy": 0.7007012080169919, "mini_accs": [0.70085, 0.7005524160339837], "no_train_files": 100100, "no_test_files": 35749, "gendict_train": {"heavy": 24917, "death": 25005, "thrash": 25264, "black": 24914}, "gendict_test": {"heavy": 8902, "death": 8970, "thrash": 8930, "black": 8947}, "proc_train": [{"heavy": 0.24892107892107893, "death": 0.2498001998001998, "thrash": 0.25238761238761237, "black": 0.24889110889110888}, 100100], "proc_test": [{"heavy": 0.2490139584324037, "death": 0.25091610954152566, "thrash": 0.24979719712439508, "black": 0.25027273490167556}, 35749], "n_layers": 2, "n_nodes": [1024, 1024], "type_of_data": "32k_1024fft_padding"}