{"model_name": "mtl_clsf_DNN_nepoch_7_nlayers_2_32k_1024fft_paddingPHKZFBCWDJSPUCPRUSDR.tflearn", "no_of_epochs": 7, "time_passed_training": 1529.5711555480957, "time_passed_testing": 71.16348838806152, "accuracy": 0.7836601736618198, "mini_accs": [0.78435, 0.7829703473236396], "no_train_files": 100100, "no_test_files": 35749, "gendict_train": {"heavy": 25031, "death": 25022, "thrash": 25177, "black": 24870}, "gendict_test": {"heavy": 8815, "death": 8959, "thrash": 9004, "black": 8971}, "proc_train": [{"heavy": 0.25005994005994003, "death": 0.24997002997002998, "thrash": 0.2515184815184815, "black": 0.24845154845154846}, 100100], "proc_test": [{"heavy": 0.24658032392514476, "death": 0.2506084086268147, "thrash": 0.2518671850960866, "black": 0.2509440823519539}, 35749], "n_layers": 2, "n_nodes": [1024, 512], "type_of_data": "32k_1024fft_padding"}