{"model_name": "mtl_clsf_DNN_nepoch_9_nlayers_2_32k_1024fft_paddingVYITLJWTSFWTRWLQPTSJ.tflearn", "no_of_epochs": 9, "time_passed_training": 1941.8148980140686, "time_passed_testing": 70.444002866745, "accuracy": 0.7689993825042609, "mini_accs": [0.76995, 0.7680487650085218], "no_train_files": 100100, "no_test_files": 35749, "gendict_train": {"heavy": 24849, "death": 25199, "thrash": 25073, "black": 24979}, "gendict_test": {"heavy": 9006, "death": 8818, "thrash": 9106, "black": 8819}, "proc_train": [{"heavy": 0.24824175824175823, "death": 0.25173826173826175, "thrash": 0.2504795204795205, "black": 0.24954045954045953}, 100100], "proc_test": [{"heavy": 0.2519231307169431, "death": 0.24666424235642956, "thrash": 0.2547204117597695, "black": 0.24669221516685783}, 35749], "n_layers": 2, "n_nodes": [1024, 1024], "type_of_data": "32k_1024fft_padding"}