{"model_name": "mtl_clsf_DNN_nepoch_11_nlayers_2_32k_1024fft_paddingIQOCEPENXTHJVDQOOYQN.tflearn", "no_of_epochs": 11, "time_passed_training": 2333.6359491348267, "time_passed_testing": 70.1350519657135, "accuracy": 0.7461121166442188, "mini_accs": [0.74805, 0.7441742332884377], "no_train_files": 100100, "no_test_files": 35749, "gendict_train": {"heavy": 24951, "death": 25035, "thrash": 25168, "black": 24946}, "gendict_test": {"heavy": 8882, "death": 8971, "thrash": 9027, "black": 8869}, "proc_train": [{"heavy": 0.24926073926073927, "death": 0.2500999000999001, "thrash": 0.25142857142857145, "black": 0.2492107892107892}, 100100], "proc_test": [{"heavy": 0.24845450222383844, "death": 0.2509440823519539, "thrash": 0.25251055973593667, "black": 0.248090855688271}, 35749], "n_layers": 2, "n_nodes": [1024, 1024], "type_of_data": "32k_1024fft_padding"}