{"model_name": "mtl_clsf_DNN_nepoch_8_nlayers_2_32k_1024fft_paddingQXGUDKCCQACTHXFCUSKI.tflearn", "no_of_epochs": 8, "time_passed_training": 1726.6913661956787, "time_passed_testing": 71.66891050338745, "accuracy": 0.7522402612873771, "mini_accs": [0.74875, 0.7557305225747541], "no_train_files": 100100, "no_test_files": 35749, "gendict_train": {"heavy": 25010, "death": 25096, "thrash": 25190, "black": 24804}, "gendict_test": {"heavy": 8828, "death": 8954, "thrash": 8929, "black": 9038}, "proc_train": [{"heavy": 0.24985014985014986, "death": 0.2507092907092907, "thrash": 0.25164835164835164, "black": 0.24779220779220779}, 100100], "proc_test": [{"heavy": 0.24694397046071218, "death": 0.25046854457467344, "thrash": 0.24976922431396684, "black": 0.25281826065064755}, 35749], "n_layers": 2, "n_nodes": [1024, 512], "type_of_data": "32k_1024fft_padding"}