{"model_name": "mtl_clsf_DNN_nepoch_14_nlayers_2_32k_1024fft_paddingEMWDMUNSXOFTDITBYWTN.tflearn", "no_of_epochs": 14, "time_passed_training": 2922.969945669174, "time_passed_testing": 70.192218542099, "accuracy": 0.757845017145838, "mini_accs": [0.76015, 0.7555400342916759], "no_train_files": 100100, "no_test_files": 35749, "gendict_train": {"heavy": 24909, "death": 25010, "thrash": 25243, "black": 24938}, "gendict_test": {"heavy": 8906, "death": 8961, "thrash": 8973, "black": 8909}, "proc_train": [{"heavy": 0.24884115884115884, "death": 0.24985014985014986, "thrash": 0.2521778221778222, "black": 0.24913086913086913}, 100100], "proc_test": [{"heavy": 0.24912584967411674, "death": 0.25066435424767125, "thrash": 0.2510000279728104, "black": 0.24920976810540155}, 35749], "n_layers": 2, "n_nodes": [1024, 512], "type_of_data": "32k_1024fft_padding"}