{"model_name": "mtl_clsf_DNN_nepoch_12_nlayers_2_32k_1024fft_paddingTVPHGBZHZUAHIMTOGJGH.tflearn", "no_of_epochs": 12, "time_passed_training": 2528.767746448517, "time_passed_testing": 70.41656184196472, "accuracy": 0.787198796749, "mini_accs": [0.7873, 0.7870975934979999], "no_train_files": 100100, "no_test_files": 35749, "gendict_train": {"heavy": 24835, "death": 25092, "thrash": 25227, "black": 24946}, "gendict_test": {"heavy": 8944, "death": 8927, "thrash": 8989, "black": 8889}, "proc_train": [{"heavy": 0.2481018981018981, "death": 0.25066933066933067, "thrash": 0.25201798201798203, "black": 0.2492107892107892}, 100100], "proc_test": [{"heavy": 0.25018881647039076, "death": 0.2497132786931103, "thrash": 0.2514475929396626, "black": 0.24865031189683628}, 35749], "n_layers": 2, "n_nodes": [1024, 512], "type_of_data": "32k_1024fft_padding"}