{"model_name": "mtl_clsf_DNN_nepoch_13_nlayers_2_32k_1024fft_paddingKJKUFORGQVYTTDFOBKPQ.tflearn", "no_of_epochs": 13, "time_passed_training": 2728.0127577781677, "time_passed_testing": 70.71806812286377, "accuracy": 0.65590180329099, "mini_accs": [0.655, 0.6568036065819801], "no_train_files": 100100, "no_test_files": 35749, "gendict_train": {"heavy": 24916, "death": 25039, "thrash": 25192, "black": 24953}, "gendict_test": {"heavy": 8901, "death": 9017, "thrash": 8989, "black": 8842}, "proc_train": [{"heavy": 0.2489110889110889, "death": 0.2501398601398601, "thrash": 0.2516683316683317, "black": 0.2492807192807193}, 100100], "proc_test": [{"heavy": 0.24898598562197544, "death": 0.25223083163165405, "thrash": 0.2514475929396626, "black": 0.2473355898067079}, 35749], "n_layers": 2, "n_nodes": [1024, 1024], "type_of_data": "32k_1024fft_padding"}