{"model_name": "mtl_clsf_DNN_nepoch_16_nlayers_2_32k_1024fft_paddingLSIEBVHAITPJUVLVJSRE.tflearn", "no_of_epochs": 16, "time_passed_training": 3345.6073446273804, "time_passed_testing": 69.56908798217773, "accuracy": 0.7842664724763352, "mini_accs": [0.78715, 0.7813829449526704], "no_train_files": 100100, "no_test_files": 35749, "gendict_train": {"heavy": 24968, "death": 25162, "thrash": 25217, "black": 24753}, "gendict_test": {"heavy": 8854, "death": 8855, "thrash": 9016, "black": 9024}, "proc_train": [{"heavy": 0.24943056943056943, "death": 0.25136863136863136, "thrash": 0.2519180819180819, "black": 0.24728271728271728}, 100100], "proc_test": [{"heavy": 0.24767126353184704, "death": 0.2476992363422753, "thrash": 0.2522028588212258, "black": 0.25242664130465187}, 35749], "n_layers": 2, "n_nodes": [1024, 512], "type_of_data": "32k_1024fft_padding"}