{"model_name": "mtl_clsf_DNN_nepoch_9_nlayers_2_32k_1024fft_paddingZSCRVHUPSFRKANTUCHJU.tflearn", "no_of_epochs": 9, "time_passed_training": 1924.0824012756348, "time_passed_testing": 72.2074887752533, "accuracy": 0.7777994412362564, "mini_accs": [0.7732, 0.7823988824725129], "no_train_files": 100100, "no_test_files": 35749, "gendict_train": {"heavy": 25072, "death": 24892, "thrash": 25340, "black": 24796}, "gendict_test": {"heavy": 8810, "death": 9095, "thrash": 8839, "black": 9005}, "proc_train": [{"heavy": 0.25046953046953047, "death": 0.24867132867132868, "thrash": 0.25314685314685315, "black": 0.2477122877122877}, 100100], "proc_test": [{"heavy": 0.24644045987300345, "death": 0.2544127108450586, "thrash": 0.2472516713754231, "black": 0.25189515790651484}, 35749], "n_layers": 2, "n_nodes": [1024, 512], "type_of_data": "32k_1024fft_padding"}