{"model_name": "mtl_clsf_DNN_nepoch_17_nlayers_2_32k_1024fft_paddingQDBAXPISJECPVWRURRAE.tflearn", "no_of_epochs": 17, "time_passed_training": 3532.7353417873383, "time_passed_testing": 70.18299698829651, "accuracy": 0.7466792748755413, "mini_accs": [0.7462, 0.7471585497510828], "no_train_files": 100100, "no_test_files": 35749, "gendict_train": {"heavy": 24882, "death": 25089, "thrash": 25230, "black": 24899}, "gendict_test": {"heavy": 8944, "death": 8944, "thrash": 8992, "black": 8869}, "proc_train": [{"heavy": 0.24857142857142858, "death": 0.25063936063936065, "thrash": 0.25204795204795205, "black": 0.24874125874125874}, 100100], "proc_test": [{"heavy": 0.25018881647039076, "death": 0.25018881647039076, "thrash": 0.2515315113709474, "black": 0.248090855688271}, 35749], "n_layers": 2, "n_nodes": [1024, 1024], "type_of_data": "32k_1024fft_padding"}