{"model_name": "mtl_clsf_DNN_nepoch_12_nlayers_2_32k_1024fft_paddingQVBZZFBXSHYYCRJJMHMJ.tflearn", "no_of_epochs": 12, "time_passed_training": 2530.43914437294, "time_passed_testing": 71.3710298538208, "accuracy": 0.7492582592583406, "mini_accs": [0.75085, 0.747666518516681], "no_train_files": 100100, "no_test_files": 35749, "gendict_train": {"heavy": 25025, "death": 25109, "thrash": 25183, "black": 24783}, "gendict_test": {"heavy": 8802, "death": 8870, "thrash": 9073, "black": 9004}, "proc_train": [{"heavy": 0.25, "death": 0.25083916083916086, "thrash": 0.2515784215784216, "black": 0.24758241758241759}, 100100], "proc_test": [{"heavy": 0.24621667738957734, "death": 0.24811882849869926, "thrash": 0.2537973090156368, "black": 0.2518671850960866}, 35749], "n_layers": 2, "n_nodes": [1024, 1024], "type_of_data": "32k_1024fft_padding"}