{"model_name": "mtl_clsf_DNN_nepoch_10_nlayers_2_32k_1024fft_paddingAYWOZMZNFSKPDTWGHDMN.tflearn", "no_of_epochs": 10, "time_passed_training": 2119.288223028183, "time_passed_testing": 70.19739937782288, "accuracy": 0.7897619706032004, "mini_accs": [0.78995, 0.7895739412064007], "no_train_files": 100100, "no_test_files": 35749, "gendict_train": {"heavy": 24688, "death": 25184, "thrash": 25169, "black": 25059}, "gendict_test": {"heavy": 9083, "death": 8863, "thrash": 8997, "black": 8806}, "proc_train": [{"heavy": 0.24663336663336663, "death": 0.2515884115884116, "thrash": 0.2514385614385614, "black": 0.2503396603396603}, 100100], "proc_test": [{"heavy": 0.2540770371199194, "death": 0.24792301882570142, "thrash": 0.25167137542308876, "black": 0.24632856863129038}, 35749], "n_layers": 2, "n_nodes": [1024, 512], "type_of_data": "32k_1024fft_padding"}