{"model_name": "mtl_clsf_DNN_nepoch_10_nlayers_2_32k_1024fft_paddingXVISQSPEVGMPWBUVBIVU.tflearn", "no_of_epochs": 10, "time_passed_training": 2139.8730404376984, "time_passed_testing": 70.11391520500183, "accuracy": 0.7450180932160522, "mini_accs": [0.7451, 0.7449361864321042], "no_train_files": 100100, "no_test_files": 35749, "gendict_train": {"heavy": 24905, "death": 25126, "thrash": 25202, "black": 24867}, "gendict_test": {"heavy": 8928, "death": 8928, "thrash": 8922, "black": 8971}, "proc_train": [{"heavy": 0.2488011988011988, "death": 0.251008991008991, "thrash": 0.25176823176823176, "black": 0.24842157842157842}, 100100], "proc_test": [{"heavy": 0.24974125150353857, "death": 0.24974125150353857, "thrash": 0.24957341464096897, "black": 0.2509440823519539}, 35749], "n_layers": 2, "n_nodes": [1024, 1024], "type_of_data": "32k_1024fft_padding"}