{"model_name": "mtl_clsf_DNN_nepoch_16_nlayers_2_32k_1024fft_paddingDYNMSYVTWEJNZIJZNTOC.tflearn", "no_of_epochs": 16, "time_passed_training": 3327.9530923366547, "time_passed_testing": 69.48857617378235, "accuracy": 0.7655503492285225, "mini_accs": [0.7701, 0.7610006984570449], "no_train_files": 100100, "no_test_files": 35749, "gendict_train": {"heavy": 25009, "death": 25037, "thrash": 25140, "black": 24914}, "gendict_test": {"heavy": 8759, "death": 8990, "thrash": 9104, "black": 8896}, "proc_train": [{"heavy": 0.24984015984015984, "death": 0.2501198801198801, "thrash": 0.25114885114885116, "black": 0.24889110889110888}, 100100], "proc_test": [{"heavy": 0.24501384654116198, "death": 0.2514755657500909, "thrash": 0.25466446613891297, "black": 0.24884612156983413}, 35749], "n_layers": 2, "n_nodes": [1024, 1024], "type_of_data": "32k_1024fft_padding"}